{"cameraMode":{"drawMode":0,"name":"Shaded","section":"Shading Mode"},"sceneLighting":false,"audioPlay":false,"sceneViewState":{"m_AlwaysRefresh":false,"showFog":true,"showSkybox":false,"showFlares":true,"showImageEffects":true,"showParticleSystems":true,"showVisualEffectGraphs":true,"m_FxEnabled":true},"in2DMode":false,"pivot":{"x":501.61785888671877,"y":-35.57071304321289,"z":383.6138916015625},"rotation":{"x":0.031300656497478488,"y":0.9651998281478882,"z":-0.13732637465000153,"w":0.22064760327339173},"size":70.71067810058594,"orthographic":false}