{"cameraMode":{"drawMode":0,"name":"Shaded","section":"Shading Mode"},"sceneLighting":false,"audioPlay":false,"sceneViewState":{"m_AlwaysRefresh":false,"showFog":true,"showSkybox":false,"showFlares":true,"showImageEffects":true,"showParticleSystems":true,"showVisualEffectGraphs":true,"m_FxEnabled":true},"in2DMode":false,"pivot":{"x":482.62286376953127,"y":-127.6021499633789,"z":-441.4678039550781},"rotation":{"x":-0.0013863550266250969,"y":-0.997515857219696,"z":0.06774495542049408,"w":-0.020376158878207208},"size":481.6193542480469,"orthographic":false}