{"cameraMode":{"drawMode":0,"name":"Shaded","section":"Shading Mode"},"sceneLighting":true,"audioPlay":false,"sceneViewState":{"m_AlwaysRefresh":false,"showFog":true,"showSkybox":true,"showFlares":true,"showImageEffects":true,"showParticleSystems":true,"showVisualEffectGraphs":true,"m_FxEnabled":true},"in2DMode":false,"pivot":{"x":503.9016418457031,"y":20.971609115600587,"z":504.6165771484375},"rotation":{"x":-0.002504864241927862,"y":0.99330735206604,"z":-0.11645062267780304,"w":-0.017407812178134919},"size":0.8660253882408142,"orthographic":false}