{"cameraMode":{"drawMode":0,"name":"Shaded","section":"Shading Mode"},"sceneLighting":false,"audioPlay":false,"sceneViewState":{"m_AlwaysRefresh":false,"showFog":true,"showSkybox":false,"showFlares":true,"showImageEffects":true,"showParticleSystems":true,"showVisualEffectGraphs":true,"m_FxEnabled":true},"in2DMode":false,"pivot":{"x":1111.6343994140625,"y":47.820892333984378,"z":-112.55762481689453},"rotation":{"x":-0.058404140174388888,"y":0.2967269718647003,"z":-0.018204117193818094,"w":-0.9530684947967529},"size":0.8660253882408142,"orthographic":false}